<?xml version="1.0" encoding="utf-8"?>
<!DOCTYPE install PUBLIC "-//Joomla! 2.5//DTD template 1.0//EN" "http://www.joomla.org/xml/dtd/1.6/template-install.dtd">
<extension version="2.5" type="template" client="site">
	<name>Szablon_galerii_ver2_0</name>
	<creationDate>2016-06-07</creationDate>
	<author>Bartosz Fabisiak</author>
	
	<license>GNU General Public License version 2 </license>
	<version>1.0.0</version>
	<description>szablon</description>	
	
	<files>
		<folder>images</folder>
		<folder>css</folder>
		<folder>fonts</folder>
		<folder>js</folder>
		<filename>index.html</filename>		
		<filename>index.php</filename>	
		<filename>templateDetails.xml</filename>
	</files>
	
	<positions>
		<position>zdjecie3</position>
		<position>zdjecie2</position>
		<position>zdjecie1</position>
		<position>srodek-prawo1</position>
		<position>srodek-prawo2</position>
		<position>srodek-prawo3</position>
		<position>dol-lewo</position>
		<position>dol-srodek</position>
		<position>dol-prawo</position>
	</positions>
</extension>